loan,income,age,default
10004.850452694202,9728.648330998529,68,0
20234.891618852642,4341.649118997708,45,1
4528.0399728895845,12711.606051910609,60,0
5882.04211547175,14247.52989307547,56,0
149690.09474125394,2513.3678026138637,47,1
6914.111014645883,3709.64808713443,64,0
8208.233208847025,8749.083595293007,26,0
115061.5147831436,6702.624496633466,66,1
300908.18149142305,8021.809553301804,62,1
7673.975161222957,4856.987377208193,45,0
15812.81456784682,13734.123548008689,56,0
29953.456198876273,12921.852653073582,46,0
104383.60271361817,8430.559496935197,33,1
9061.85051618009,15936.13935067351,59,0
17663.399250073686,10726.854100424196,32,0
44338.28563969159,4838.8120350026675,35,1
32574.64379519919,10109.698306279199,45,1
15700.683664422058,4558.1423471815115,61,1
19527.115789498836,13726.316488365119,39,0
6390.666033067907,7863.951177146468,44,0
17776.69538482842,7252.36268157501,22,0
17330.985694003113,5385.375260160706,25,0
27145.12905643392,16873.92488519923,22,0
13362.472576564709,7385.562136526529,23,0
33670.7460726882,6266.688265097702,63,1
54799.93221801725,6559.829361983512,62,1
25333.58829691496,11152.126891877082,61,0
30229.71825123711,10089.660227703202,22,1
23105.819999811196,10380.035398327826,23,0
22028.138851730644,10493.30382550762,34,0
11505.69914951188,29289.6227677468,48,0
29285.413418738735,6349.624715183926,36,1
20179.894408835076,5958.978558424949,44,1
144907.58567424974,4972.790165392675,28,1
90764.12725362777,11726.278800938224,56,1
31171.57488968015,15952.700043850024,35,0
11083.895869543898,7567.60204472653,23,0
8093.606234690609,4894.6894654597245,57,0
64345.91034999045,4940.941952185882,65,1
27902.57626049826,11972.356815479734,20,0
33932.51787837151,12656.832953125508,41,0
4581.916373351387,11224.930948195526,61,0
50751.407646811684,5435.431426070684,55,1
33155.977774927575,9314.213016388729,62,1
8108.047646437783,8690.723622311842,40,0
14409.279291807805,9239.223811634434,38,0
27926.895054336735,13668.610338125827,55,0
23091.505890516943,9266.465751333604,27,0
16933.44488844062,12177.534975808328,31,0
20067.574023824214,8438.395321198499,50,0
17557.21682756045,9638.0264275644,53,0
25268.308495702102,11834.484165665663,25,0
82813.20229696485,3380.2552659188987,45,1
2186.3907483728644,6688.850201971942,38,0
17797.88238274127,6110.576537829804,45,0
25818.87723744051,5522.982443254864,67,1
28750.04440420497,6869.967464084019,23,1
15760.733068216372,19869.969225264012,69,0
4532.144000339783,4819.865637332736,42,0
29590.12398083418,14486.421085162468,58,0
104257.09477569835,2952.1179386234617,41,1
5538.753395596958,6628.070280119282,35,0
47927.52304997777,8934.288904777643,58,1
16388.371364852577,11518.772777169204,54,0
20843.722208129588,12415.934263074907,27,0
8538.9330242647,13043.019183002085,55,0
16301.125685651574,6573.258510573493,57,0
70971.95906233964,6140.054666260192,39,1
37212.117177069435,13558.724975992254,66,0
104723.66990184705,7224.385121519013,52,1
63555.61955947744,3769.0874897952226,36,1
32701.558327876748,4105.273606183011,20,1
105824.89503878394,4667.265477940941,53,1
32698.806013316123,10919.401569094336,30,1
46406.24683036702,8825.984570513663,57,1
16866.524569162764,12262.37870690324,46,0
23385.962642602484,6270.732244395269,43,1
11758.345926242817,8911.731329342414,28,0
53670.86280394953,11794.094704076739,55,1
7627.586363664642,6730.414941041894,28,0
44538.76925942084,10657.990191209645,40,1
18553.505914155096,5447.131590086561,61,1
63203.96933653613,6516.988697762936,66,1
43294.5521578072,6444.338443283193,69,1
113389.2129532435,3954.052228398858,67,1
42518.61342707793,10852.855330749164,47,1
5351.66908592334,6114.135080708452,30,0
20738.396084514137,8164.05671801036,61,0
7670.932976505688,10812.390189925743,60,0
13815.523660769326,10592.682437440551,69,0
85828.43063312088,12079.089128593048,52,1
39096.1951230688,7638.1347470334285,27,1
11742.413063290223,6285.627851001514,45,0
8845.413633799713,7724.628990216458,42,0
22686.013849118648,2944.220395431041,62,1
7369.431650269196,3400.6862094406847,39,0
12039.807740557435,3664.254681741742,36,1
29167.446614718414,4454.418943441174,24,1
62303.99528508891,10299.64323288717,61,1
38096.79073927218,4706.560035540014,57,1
2801.301591506922,6458.17770243995,22,0
28967.50768380469,17668.47008027032,41,0
23501.751186005808,6543.592577226582,43,1
31968.338075763848,12613.328371028829,43,0
94333.2225416173,4627.765383380536,65,1
3439.5143080390458,7163.381788511508,27,0
12939.072872809147,4582.439453384589,35,1
37489.48192117419,6611.594667194451,29,1
5305.848811895733,13415.75286575644,32,0
83146.06365801865,2874.4244620681043,65,1
30684.746438845556,10516.010518925998,67,1
47189.4480000265,9345.417184219976,22,1
13175.97935023202,5673.208028499737,51,0
45815.9389225431,3402.8387454037966,31,1
57619.96495273869,8461.465839133461,29,1
27162.434635118658,5897.621273190027,34,1
27199.68859291948,9317.090928423162,29,0
28093.932741996563,8210.025326801997,44,1
10127.292253256759,21185.395564333005,69,0
19287.72549364596,7019.07430904262,49,0
19201.231964841212,4384.809693466039,56,1
31102.842040100975,9023.299830061627,44,1
54167.79497742138,9246.47808450915,20,1
8495.717790826735,18315.675285241414,24,0
19682.63143335891,13373.985889565758,33,0
83559.14578908449,10037.894252985712,32,1
11279.820299939129,19496.33415312643,62,0
10508.870451869365,3970.8766478640764,62,0
26425.25795972121,5520.0879954575075,62,1
47096.15639329809,4647.359255201348,51,1
22254.142499203954,6413.203032109456,47,1
72843.20485217148,3547.464179058431,52,1
47625.07009837812,11861.943960366814,40,1
46987.55508482339,7091.600834798452,53,1
36268.49913909133,3352.683078796724,59,1
178954.66602412265,4405.691696148571,58,1
18312.780444554453,9780.132475312677,50,0
3629.426541170511,13398.203914669199,22,0
93323.658143847,26850.46813592694,56,1
14589.691725632198,46551.638444490934,38,0
24272.33248791041,10390.48393458321,57,0
71581.76318417343,4475.069350829243,46,1
5208.079314061735,2254.700059002678,64,0
7140.353095802393,9515.019959408562,36,0
5212.682391099101,4975.272106216144,66,0
10778.162107552156,6315.648009759755,62,0
32717.74745927785,5612.446055791852,36,1
35304.6180930895,7446.6941016899455,44,1
28244.294777372448,15361.015817589914,46,0
6176.522590713601,8903.761799031543,58,0
2754.267778219047,7367.392311254714,54,0
23130.751080900453,4352.94431134861,62,1
14406.021670619091,2966.654699529088,38,1
33304.47976989401,6052.430794559938,45,1
41429.905893009345,7845.775158355878,41,1
24944.715842089696,23406.24036712002,65,0
43657.037626925514,8761.870713349485,35,1
27072.946840742374,14612.662211830018,49,0
35491.84515179733,6005.4498295537,26,1
11681.878377191571,3979.986634670221,62,1
18738.766419371466,4541.1244776119365,39,1
26294.06394011028,5244.128565551136,37,1
46095.73128651901,29058.951020841094,49,0
15454.151395919893,4950.1244292319025,44,1
35208.771826545846,13401.119433213582,62,0
17339.54633850242,4713.771893417273,46,1
19815.347633053007,14170.871128090292,45,0
46470.22843512203,10208.444813888998,25,1
3663.761628856789,7376.2249431703785,21,0
6858.025866434928,7907.306499033705,39,0
5802.436196947811,5470.511399579392,69,0
2696.5959360557667,10589.765776081567,65,0
11962.858498757596,6167.259863145374,51,0
43238.669871657556,3884.061027163084,51,1
17044.86629415273,3763.999829501942,39,1
26318.070507005512,8987.165209313926,28,1
58705.913807698074,20898.96162796669,20,1
72759.70069572455,8919.498197839659,36,1
20697.65853794159,7546.332814688012,35,0
74475.6347554369,9619.000919662152,29,1
23930.617681672207,17740.4220247275,32,0
10366.571180321007,9243.071296650305,21,0
12900.73651648537,6332.457443361514,50,0
5811.053383672989,15737.05223803639,66,0
9903.856756664569,10480.313411202573,54,0
15959.108016205097,20362.56805743878,42,0
45398.14469478336,9044.75818066899,41,1
103641.47308448168,3886.711012742074,35,1
6348.8986516597815,3565.660112316211,27,0
31368.03693464222,21819.443596040026,49,0
8634.40821345172,22792.787620621162,48,0
33766.598392163825,7275.650268492747,20,1
19575.264137476057,6438.736520095726,40,1
4239.432762034225,19474.60475121998,33,0
50790.63633241034,4170.422342227219,28,1
12778.244538885212,4737.021248821597,55,0
13622.658961969153,11920.275786623824,46,0
8410.387515423607,6394.777536344512,51,0
12223.859908566323,8078.220401903357,55,0
32373.69199948693,7346.169213427593,69,1
18577.010361618723,9922.346645198262,60,0
29607.879436121308,18854.164875785966,51,0
30507.55596697425,8555.68235531644,63,1
72301.1627255495,11924.653705527344,43,1
16179.37341913562,2368.226731171728,69,1
5830.324655471002,7869.6507169289835,58,0
57555.223519053405,4885.6706263305305,52,1
16344.727464992875,3899.9232941038745,65,1
60062.033580880954,4784.3649575916315,45,1
31102.373135511883,6631.099692600191,56,1
19574.367776037423,14038.257011786745,34,0
30148.73681642526,3656.144183718852,68,1
127505.05681824159,8253.386628796548,51,1
142811.73111066877,6060.2015646272375,59,1
23445.71485119425,6656.813152495821,43,1
25442.379171800727,14789.233002767009,63,0
58024.24049120759,11191.045876304042,23,1
10289.765819565284,18077.7804640406,25,0
29725.58302584676,7385.667615598548,45,1
21519.686295902717,5337.082492851343,56,1
29217.332482075035,7084.642625650388,60,1
10404.233552414426,9372.15253180689,42,0
5267.9114623043515,9008.681613339048,52,0
3409.47946003076,4227.504548315774,47,0
8057.465228898747,8555.194052275237,68,0
14576.883683009604,9292.259289379368,52,0
16917.90101564572,36698.25269872743,40,0
125933.34602805994,24986.895008983225,68,1
59598.997528273256,4856.406255022403,25,1
9266.101271594936,6819.694690663031,69,0
30119.786910549738,3367.5299392733095,27,1
15269.758569038511,5684.939656531152,34,0
17052.848662987442,9792.411247196927,61,0
26024.48447563831,16705.81552028727,56,0
38455.38454372018,5232.004207663996,68,1
16230.822946714185,5472.616601404391,57,0
57380.8773426363,2234.173370773713,51,1
7881.35873645387,7349.594698851551,37,0
22152.48937133458,4283.609836688462,20,1
228183.71566451664,5897.809817368197,26,1
